INSERT INTO public.restaurant (id, address, created_date, created_by, google_rating, name, permanently_closed, place_id, price_level, user_id, url, vicinity, website) VALUES (1, 'Neubaugasse 8, 1070 Wien, Austria', '2019-04-11 19:07:20.826000', 'google-oauth2|109107306435878853697', 4.60, 'DOOR No. 8 - The Steakhouse', false, 'ChIJwfNYEowHbUcRJ5omltDrMp0', 3, '4c973896-5761-41fc-8217-07c5d13a004b', 'https://maps.google.com/?cid=11327375293895055911', 'Neubaugasse 8, Wien', 'http://www.door8.at/');
INSERT INTO public.restaurant (id, address, created_date, created_by, google_rating, name, permanently_closed, place_id, price_level, user_id, url, vicinity, website) VALUES (2, 'Franzensgasse 11, 1050 Wien, Austria', '2019-04-11 19:40:53.229000', 'google-oauth2|109107306435878853697', 4.40, 'Weinschenke Franzensgasse', false, 'ChIJH-v7_oYHbUcRKOWfnKRwkww', 2, '4c973896-5761-41fc-8217-07c5d13a004b', 'https://maps.google.com/?cid=906191802336273704', 'Franzensgasse 11, Wien', 'https://www.weinschenke-wien.com/standorte');
INSERT INTO public.restaurant (id, address, created_date, created_by, google_rating, name, permanently_closed, place_id, price_level, user_id, url, vicinity, website) VALUES (3, 'Siebensterngasse 31/III, 1070 Wien, Austria', '2019-04-11 19:40:58.566000', 'google-oauth2|109107306435878853697', 4.20, 'Weinschenke am Siebensternplatz', false, 'ChIJGeqA7I0HbUcRzjen2iWeQ8A', 2, '4c973896-5761-41fc-8217-07c5d13a004b', 'https://maps.google.com/?cid=13854090764141148110', 'Siebensterngasse 31/III, Wien', 'https://www.weinschenke-wien.com/standorte');
INSERT INTO public.restaurant (id, address, created_date, created_by, google_rating, name, permanently_closed, place_id, price_level, user_id, url, vicinity, website) VALUES (4, 'Kandlgasse 16, 1070 Wien, Austria', '2019-04-11 19:41:30.222000', 'google-oauth2|109107306435878853697', 4.40, 'der fuchs und die trauben', false, 'ChIJp3Nm8_IHbUcRdOOAWTesrbs', 2, '4c973896-5761-41fc-8217-07c5d13a004b', 'https://maps.google.com/?cid=13523654609788265332', 'Kandlgasse 16, Wien', 'http://www.derfuchsunddietrauben.com/');
INSERT INTO public.restaurant (id, address, created_date, created_by, google_rating, name, permanently_closed, place_id, price_level, user_id, url, vicinity, website) VALUES (5, 'Resselgasse 5, 1040 Wien, Austria', '2019-04-11 19:42:40.876000', 'google-oauth2|109107306435878853697', 4.10, 'Pointers Vienna Sportsbar', false, 'ChIJWTanEIMHbUcRZZ2fvxpnZLE', 2, '4c973896-5761-41fc-8217-07c5d13a004b', 'https://maps.google.com/?cid=12782455006966029669', 'Resselgasse 5, Wien', 'http://www.pointers.at/');
INSERT INTO public.restaurant (id, address, created_date, created_by, google_rating, name, permanently_closed, place_id, price_level, user_id, url, vicinity, website) VALUES (6, 'Getreidemarkt 11, 1060 Wien, Austria', '2019-04-11 19:42:56.958000', 'google-oauth2|109107306435878853697', 4.40, 'Addicted to Rock', false, 'ChIJC8FfyZoHbUcR7O8u6jA5mNU', 2, '4c973896-5761-41fc-8217-07c5d13a004b', 'https://maps.google.com/?cid=15391114608788828140', 'Getreidemarkt 11, Wien', 'http://store.addicted.at/');
INSERT INTO public.restaurant (id, address, created_date, created_by, google_rating, name, permanently_closed, place_id, price_level, user_id, url, vicinity, website) VALUES (7, '26, Otto-Bauer-Gasse, 1060 Wien, Austria', '2019-04-11 19:43:13.573000', 'google-oauth2|109107306435878853697', 4.50, 'Schrnk', false, 'ChIJcxArvIsHbUcRhEX19HJdgjw', 2, '4c973896-5761-41fc-8217-07c5d13a004b', 'https://maps.google.com/?cid=4360150137565431172', '26, Otto-Bauer-Gasse, Wien', 'http://schrnk.at/');
INSERT INTO public.restaurant (id, address, created_date, created_by, google_rating, name, permanently_closed, place_id, price_level, user_id, url, vicinity, website) VALUES (8, 'Schellinggasse 6, 1010 Wien, Austria', '2019-04-11 19:43:33.897000', 'google-oauth2|109107306435878853697', 4.60, 'Huth Grillhouse Da Max', false, 'ChIJ8y-F450HbUcR4X3e6Be4LqA', 2, '4c973896-5761-41fc-8217-07c5d13a004b', 'https://maps.google.com/?cid=11542365307827813857', 'Schellinggasse 6, Wien', 'http://www.damax.at/');
INSERT INTO public.restaurant (id, address, created_date, created_by, google_rating, name, permanently_closed, place_id, price_level, user_id, url, vicinity, website) VALUES (9, 'Kaiserstraße 113-115, 1070 Wien, Austria', '2019-04-11 19:44:03.393000', 'google-oauth2|109107306435878853697', 4.50, 'Flatschers', false, 'ChIJTzEc-O4HbUcRX8sErbSyX7A', 3, '4c973896-5761-41fc-8217-07c5d13a004b', 'https://maps.google.com/?cid=12709073162529459039', 'Kaiserstraße 113-115, Wien', 'http://www.flatschers.at/');
INSERT INTO public.restaurant (id, address, created_date, created_by, google_rating, name, permanently_closed, place_id, price_level, user_id, url, vicinity, website) VALUES (10, 'Vorgartenstraße 204, 1020 Wien, Austria', '2019-04-11 19:45:21.887000', 'google-oauth2|109107306435878853697', 4.50, 'Burger''s Bar', false, 'ChIJ0SeqaBgHbUcRIORymcOE_Ow', 2, '4c973896-5761-41fc-8217-07c5d13a004b', 'https://maps.google.com/?cid=17076669862710010912', 'Vorgartenstraße 204, Wien', 'http://www.burgersbar.at/');
INSERT INTO public.restaurant (id, address, created_date, created_by, google_rating, name, permanently_closed, place_id, price_level, user_id, url, vicinity, website) VALUES (11, 'Karlsplatz 2, 1010 Wien, Austria', '2019-04-11 19:46:55.689000', 'google-oauth2|109107306435878853697', 4.60, 'Café Mendez', false, 'ChIJQble0JwHbUcR0UY-o_l41Y4', 2, '4c973896-5761-41fc-8217-07c5d13a004b', 'https://maps.google.com/?cid=10292265537006094033', 'Karlsplatz 2, Wien', 'http://www.mendez.at/');
INSERT INTO public.restaurant (id, address, created_date, created_by, google_rating, name, permanently_closed, place_id, price_level, user_id, url, vicinity, website) VALUES (12, 'Schellinggasse 5, 1010 Wien, Austria', '2019-05-14 08:41:34.445000', 'google-oauth2|109107306435878853697', 4.60, 'Mama & der Bulle', false, 'ChIJ1Wa_RZcHbUcRkIjL24yhY18', -1, '4c973896-5761-41fc-8217-07c5d13a004b', 'https://maps.google.com/?cid=6873515082652551312', 'Schellinggasse 5, Wien', 'https://www.mamaundderbulle.at/');
INSERT INTO public.restaurant (id, address, created_date, created_by, google_rating, name, permanently_closed, place_id, price_level, user_id, url, vicinity, website) VALUES (13, 'Opernring 11, 1010 Wien, Austria', '2019-05-14 10:54:26.183000', 'google-oauth2|109107306435878853697', 4.10, 'said the butcher to the cow', false, 'ChIJxf-5b5sHbUcRMZeLr8CPUNQ', 2, '4c973896-5761-41fc-8217-07c5d13a004b', 'https://maps.google.com/?cid=15298885991919228721', 'Opernring 11, Wien', 'http://butcher-cow.at/');
INSERT INTO public.restaurant (id, address, created_date, created_by, google_rating, name, permanently_closed, place_id, price_level, user_id, url, vicinity, website) VALUES (14, 'Sechsschimmelgasse 24, 1090 Wien, Austria', '2019-05-28 12:14:54.439000', 'google-oauth2|109107306435878853697', 4.60, 'Omnom Burger', false, 'ChIJE1L0SIgHbUcRK0kBh6A9pc0', -1, '4c973896-5761-41fc-8217-07c5d13a004b', 'https://maps.google.com/?cid=14818317908601555243', 'Sechsschimmelgasse 24, Wien', 'http://www.omnomburger.at/');
INSERT INTO public.restaurant (id, address, created_date, created_by, google_rating, name, permanently_closed, place_id, price_level, user_id, url, vicinity, website) VALUES (15, 'Rotundenallee 0, 1020 Wien, Austria', '2019-06-25 16:38:55.473000', 'google-oauth2|109107306435878853697', 4.00, 'Der Garten', false, 'ChIJsZ4ycBgHbUcRkQCWTIM2YbA', -1, '4c973896-5761-41fc-8217-07c5d13a004b', 'https://maps.google.com/?cid=12709499560969765009', 'Rotundenallee 0, Wien', 'https://der-garten.eatbu.com/');
INSERT INTO public.restaurant (id, address, created_date, created_by, google_rating, name, permanently_closed, place_id, price_level, user_id, url, vicinity, website) VALUES (16, 'Lerchenfelder Str. 1-3, 1070 Wien, Austria', '2019-08-06 17:22:23.191000', 'google-oauth2|109107306435878853697', 4.40, 'Burger De Ville', false, 'ChIJe7i2xJMHbUcRg6ppFccCoCE', -1, '4c973896-5761-41fc-8217-07c5d13a004b', 'https://maps.google.com/?cid=2422939653606320771', 'Lerchenfelder Straße 1-3, Wien', 'http://www.burgerdeville.de/');
INSERT INTO public.restaurant (id, address, created_date, created_by, google_rating, name, permanently_closed, place_id, price_level, user_id, url, vicinity, website) VALUES (17, 'Stand 10+12, Karmelitermarkt, 1020 Wien, Austria', '2019-08-20 16:15:43.676000', 'google-oauth2|109107306435878853697', 4.40, 'Weinschenke am Karmelitermarkt', false, 'ChIJCaqrYqYHbUcRkDB5VYNxDzk', 2, '4c973896-5761-41fc-8217-07c5d13a004b', 'https://maps.google.com/?cid=4111629793701212304', 'Stand 10+12, Karmelitermarkt, Wien', 'https://www.weinschenke-wien.com/standorte');
INSERT INTO public.restaurant (id, address, created_date, created_by, google_rating, name, permanently_closed, place_id, price_level, user_id, url, vicinity, website) VALUES (18, 'Rotenturmstraße 15, 1010 Wien, Austria', '2019-10-15 15:39:38.449000', 'google-oauth2|109107306435878853697', 4.50, 'Le Burger Rotenturmstraße', false, 'ChIJz-ofAMMHbUcR-zv1UW9k4Lg', 2, '4c973896-5761-41fc-8217-07c5d13a004b', 'https://maps.google.com/?cid=13321758127041100795', 'Rotenturmstraße 15, Wien', 'https://www.leburger.at/');%

INSERT INTO public.visit (id, created_date, created_by, date, sponsored, user_id, restaurant_id) VALUES (1, '2019-04-14 12:52:03.203000', 'google-oauth2|109107306435878853697', '2019-04-02', false, '4c973896-5761-41fc-8217-07c5d13a004b', 4);
INSERT INTO public.visit (id, created_date, created_by, date, sponsored, user_id, restaurant_id) VALUES (2, '2019-04-14 12:52:36.504000', 'google-oauth2|109107306435878853697', '2019-03-19', true, '4c973896-5761-41fc-8217-07c5d13a004b', 1);
INSERT INTO public.visit (id, created_date, created_by, date, sponsored, user_id, restaurant_id) VALUES (3, '2019-04-14 12:53:36.981000', 'google-oauth2|109107306435878853697', '2019-03-05', false, '4c973896-5761-41fc-8217-07c5d13a004b', 5);
INSERT INTO public.visit (id, created_date, created_by, date, sponsored, user_id, restaurant_id) VALUES (4, '2019-04-14 12:56:37.639000', 'google-oauth2|109107306435878853697', '2019-02-19', false, '4c973896-5761-41fc-8217-07c5d13a004b', 6);
INSERT INTO public.visit (id, created_date, created_by, date, sponsored, user_id, restaurant_id) VALUES (5, '2019-04-14 12:57:02.067000', 'google-oauth2|109107306435878853697', '2019-02-05', true, '4c973896-5761-41fc-8217-07c5d13a004b', 7);
INSERT INTO public.visit (id, created_date, created_by, date, sponsored, user_id, restaurant_id) VALUES (7, '2019-04-14 12:59:06.285000', 'google-oauth2|109107306435878853697', '2019-01-08', true, '4c973896-5761-41fc-8217-07c5d13a004b', 2);
INSERT INTO public.visit (id, created_date, created_by, date, sponsored, user_id, restaurant_id) VALUES (6, '2019-04-14 12:57:39.521000', 'google-oauth2|109107306435878853697', '2019-01-22', false, '4c973896-5761-41fc-8217-07c5d13a004b', 8);
INSERT INTO public.visit (id, created_date, created_by, date, sponsored, user_id, restaurant_id) VALUES (8, '2019-04-16 07:18:55.961000', 'google-oauth2|109107306435878853697', '2019-04-16', true, '4c973896-5761-41fc-8217-07c5d13a004b', 2);
INSERT INTO public.visit (id, created_date, created_by, date, sponsored, user_id, restaurant_id) VALUES (9, '2019-05-14 09:46:46.311000', 'google-oauth2|109107306435878853697', '2019-05-14', true, '4c973896-5761-41fc-8217-07c5d13a004b', 13);
INSERT INTO public.visit (id, created_date, created_by, date, sponsored, user_id, restaurant_id) VALUES (10, '2019-05-28 12:17:28.715000', 'google-oauth2|109107306435878853697', '2019-05-28', false, '4c973896-5761-41fc-8217-07c5d13a004b', 14);
INSERT INTO public.visit (id, created_date, created_by, date, sponsored, user_id, restaurant_id) VALUES (11, '2019-06-11 17:09:22.877000', 'google-oauth2|109107306435878853697', '2019-06-11', true, '4c973896-5761-41fc-8217-07c5d13a004b', 1);
INSERT INTO public.visit (id, created_date, created_by, date, sponsored, user_id, restaurant_id) VALUES (12, '2019-06-25 16:41:24.866000', 'google-oauth2|109107306435878853697', '2019-06-25', false, '4c973896-5761-41fc-8217-07c5d13a004b', 15);
INSERT INTO public.visit (id, created_date, created_by, date, sponsored, user_id, restaurant_id) VALUES (13, '2019-07-09 16:05:24.848000', 'google-oauth2|109107306435878853697', '2019-07-09', false, '4c973896-5761-41fc-8217-07c5d13a004b', 12);
INSERT INTO public.visit (id, created_date, created_by, date, sponsored, user_id, restaurant_id) VALUES (14, '2019-07-23 16:08:58.678000', 'google-oauth2|109107306435878853697', '2019-07-23', true, '4c973896-5761-41fc-8217-07c5d13a004b', 11);
INSERT INTO public.visit (id, created_date, created_by, date, sponsored, user_id, restaurant_id) VALUES (15, '2019-08-06 17:22:56.639000', 'google-oauth2|109107306435878853697', '2019-08-06', false, '4c973896-5761-41fc-8217-07c5d13a004b', 16);
INSERT INTO public.visit (id, created_date, created_by, date, sponsored, user_id, restaurant_id) VALUES (16, '2019-08-20 16:16:13.669000', 'google-oauth2|109107306435878853697', '2019-08-20', true, '4c973896-5761-41fc-8217-07c5d13a004b', 17);
INSERT INTO public.visit (id, created_date, created_by, date, sponsored, user_id, restaurant_id) VALUES (17, '2019-09-03 18:39:45.129000', 'google-oauth2|109107306435878853697', '2019-09-03', true, '4c973896-5761-41fc-8217-07c5d13a004b', 1);
INSERT INTO public.visit (id, created_date, created_by, date, sponsored, user_id, restaurant_id) VALUES (18, '2019-09-17 19:17:29.626000', 'google-oauth2|109107306435878853697', '2019-09-17', false, '4c973896-5761-41fc-8217-07c5d13a004b', 5);
INSERT INTO public.visit (id, created_date, created_by, date, sponsored, user_id, restaurant_id) VALUES (19, '2019-10-01 17:15:11.528000', 'google-oauth2|109107306435878853697', '2019-10-01', true, '4c973896-5761-41fc-8217-07c5d13a004b', 6);
INSERT INTO public.visit (id, created_date, created_by, date, sponsored, user_id, restaurant_id) VALUES (21, '2019-10-15 15:39:53.015000', 'google-oauth2|109107306435878853697', '2019-10-15', false, '4c973896-5761-41fc-8217-07c5d13a004b', 18);
INSERT INTO public.visit (id, created_date, created_by, date, sponsored, user_id, restaurant_id) VALUES (22, '2019-10-29 18:07:40.205000', 'google-oauth2|109107306435878853697', '2019-10-29', false, '4c973896-5761-41fc-8217-07c5d13a004b', 14);
INSERT INTO public.visit (id, created_date, created_by, date, sponsored, user_id, restaurant_id) VALUES (23, '2019-11-12 20:05:24.250000', 'google-oauth2|109107306435878853697', '2019-11-12', true, '4c973896-5761-41fc-8217-07c5d13a004b', 17);
INSERT INTO public.visit (id, created_date, created_by, date, sponsored, user_id, restaurant_id) VALUES (24, '2019-11-26 20:33:06.755000', 'google-oauth2|109107306435878853697', '2019-11-26', false, '4c973896-5761-41fc-8217-07c5d13a004b', 18);
INSERT INTO public.visit (id, created_date, created_by, date, sponsored, user_id, restaurant_id) VALUES (25, '2019-12-10 16:12:56.770000', 'google-oauth2|109107306435878853697', '2019-12-10', true, '4c973896-5761-41fc-8217-07c5d13a004b', 1);


INSERT INTO public.review (id, created_date, created_by,  likeness, menu_diversity, price_level, recommended, service, taste, review, user_id, visit_id) VALUES (1, '2019-04-16 17:11:09.431000', 'google-oauth2|109107306435878853697', 3, 4, 2, true, 3, 7, null, '4c973896-5761-41fc-8217-07c5d13a004b',8);
INSERT INTO public.review (id, created_date, created_by,  likeness, menu_diversity, price_level, recommended, service, taste, review, user_id, visit_id) VALUES (2, '2019-04-16 17:11:20.300000', 'google-oauth2|103163920703258866862',  5, 1, 3, true, 5, 9, null,'4c973896-5761-41fc-8217-07c5d13a004b', 2);
INSERT INTO public.review (id, created_date, created_by,  likeness, menu_diversity, price_level, recommended, service, taste, review, user_id, visit_id) VALUES (4, '2019-04-16 17:12:02.622000', 'google-oauth2|107561260516718837312', 4, 5, 3, true, 4, 5, null, '4c973896-5761-41fc-8217-07c5d13a004b',1);
INSERT INTO public.review (id, created_date, created_by,  likeness, menu_diversity, price_level, recommended, service, taste, review, user_id, visit_id) VALUES (5, '2019-04-16 17:13:12.422000', 'google-oauth2|107561260516718837312',  3, 4, 3, true, 3, 9, null,'4c973896-5761-41fc-8217-07c5d13a004b', 8);
INSERT INTO public.review (id, created_date, created_by,  likeness, menu_diversity, price_level, recommended, service, taste, review, user_id, visit_id) VALUES (6, '2019-04-16 17:13:16.083000', 'google-oauth2|103163920703258866862',  2, 4, 2, true, 5, 2, null, '4c973896-5761-41fc-8217-07c5d13a004b', 1);
INSERT INTO public.review (id, created_date, created_by,  likeness, menu_diversity, price_level, recommended, service, taste, review, user_id, visit_id) VALUES (7, '2019-04-16 17:13:32.073000', 'google-oauth2|107561260516718837312',  5, 2, 3, true, 5, 10, null, '4c973896-5761-41fc-8217-07c5d13a004b', 2);
INSERT INTO public.review (id, created_date, created_by,  likeness, menu_diversity, price_level, recommended, service, taste, review, user_id, visit_id) VALUES (9, '2019-04-16 19:57:12.969000', 'google-oauth2|102337442338050646165', 4, 4, 2, true, 4, 8, null, '4c973896-5761-41fc-8217-07c5d13a004b', 8);
INSERT INTO public.review (id, created_date, created_by,  likeness, menu_diversity, price_level, recommended, service, taste, review, user_id, visit_id) VALUES (10, '2019-04-17 05:01:55.120000', 'google-oauth2|101266354649394690834',  3, 4, 3, true, 1, 9, null, '4c973896-5761-41fc-8217-07c5d13a004b', 8);
INSERT INTO public.review (id, created_date, created_by,  likeness, menu_diversity, price_level, recommended, service, taste, review, user_id, visit_id) VALUES (11, '2019-04-17 06:14:57.012000', 'google-oauth2|102431324785116064633',  3, 4, 2, true, 3, 9, null, '4c973896-5761-41fc-8217-07c5d13a004b', 8);
INSERT INTO public.review (id, created_date, created_by,  likeness, menu_diversity, price_level, recommended, service, taste, review, user_id, visit_id) VALUES (12, '2019-04-17 06:26:19.622000', 'google-oauth2|110898752673700142845',  3, 5, 2, true, 4, 9, null, '4c973896-5761-41fc-8217-07c5d13a004b', 8);
INSERT INTO public.review (id, created_date, created_by,  likeness, menu_diversity, price_level, recommended, service, taste, review, user_id, visit_id) VALUES (13, '2019-05-14 17:41:39.199000', 'google-oauth2|107561260516718837312',  4, 4, 3, true, 5, 7, null, '4c973896-5761-41fc-8217-07c5d13a004b', 9);
INSERT INTO public.review (id, created_date, created_by,  likeness, menu_diversity, price_level, recommended, service, taste, review, user_id, visit_id) VALUES (14, '2019-05-14 17:43:38.719000', 'google-oauth2|101266354649394690834',  4, 4, 3, true, 2, 8, null, '4c973896-5761-41fc-8217-07c5d13a004b', 9);
INSERT INTO public.review (id, created_date, created_by,  likeness, menu_diversity, price_level, recommended, service, taste, review, user_id, visit_id) VALUES (15, '2019-05-14 17:43:55.733000', 'google-oauth2|102337442338050646165',  3, 4, 1, true, 3, 5, null, '4c973896-5761-41fc-8217-07c5d13a004b', 9);
INSERT INTO public.review (id, created_date, created_by,  likeness, menu_diversity, price_level, recommended, service, taste, review, user_id, visit_id) VALUES (16, '2019-05-14 17:44:02.539000', 'google-oauth2|102431324785116064633',  4, 4, 3, true, 3, 7, null, '4c973896-5761-41fc-8217-07c5d13a004b', 9);
INSERT INTO public.review (id, created_date, created_by,  likeness, menu_diversity, price_level, recommended, service, taste, review, user_id, visit_id) VALUES (17, '2019-05-14 17:44:32.006000', 'google-oauth2|102544149948697665835',  4, 4, 3, true, 2, 6, null, '4c973896-5761-41fc-8217-07c5d13a004b', 9);
INSERT INTO public.review (id, created_date, created_by,  likeness, menu_diversity, price_level, recommended, service, taste, review, user_id, visit_id) VALUES (18, '2019-05-14 17:48:32.615000', 'google-oauth2|110898752673700142845',  3, 4, 3, true, 2, 7, null, '4c973896-5761-41fc-8217-07c5d13a004b', 9);
INSERT INTO public.review (id, created_date, created_by,  likeness, menu_diversity, price_level, recommended, service, taste, review, user_id, visit_id) VALUES (19, '2019-05-31 06:28:31.595000', 'google-oauth2|110898752673700142845', 4, 5, 2, true, 5, 10, null, '4c973896-5761-41fc-8217-07c5d13a004b', 10);
INSERT INTO public.review (id, created_date, created_by,  likeness, menu_diversity, price_level, recommended, service, taste, review, user_id, visit_id) VALUES (20, '2019-06-04 20:03:35.874000', 'google-oauth2|109107306435878853697', 4, 3, 3, true, 5, 10, null, '4c973896-5761-41fc-8217-07c5d13a004b', 2);
INSERT INTO public.review (id, created_date, created_by,  likeness, menu_diversity, price_level, recommended, service, taste, review, user_id, visit_id) VALUES (21, '2019-06-04 20:04:40.124000', 'google-oauth2|109107306435878853697',  3, 5, 2, true, 4, 9, null, '4c973896-5761-41fc-8217-07c5d13a004b', 10);
INSERT INTO public.review (id, created_date, created_by,  likeness, menu_diversity, price_level, recommended, service, taste, review, user_id, visit_id) VALUES (22, '2019-06-06 08:23:32.321000', 'google-oauth2|109107306435878853697', 2, 3, 2, true, 2, 5, null, '4c973896-5761-41fc-8217-07c5d13a004b', 3);
INSERT INTO public.review (id, created_date, created_by,  likeness, menu_diversity, price_level, recommended, service, taste, review, user_id, visit_id) VALUES (23, '2019-06-06 08:27:26.620000', 'google-oauth2|109107306435878853697',  3, 3, 3, true, 3, 7, null, '4c973896-5761-41fc-8217-07c5d13a004b', 4);
INSERT INTO public.review (id, created_date, created_by,  likeness, menu_diversity, price_level, recommended, service, taste, review, user_id, visit_id) VALUES (24, '2019-06-06 12:04:43.622000', 'google-oauth2|110898752673700142845',  5, 2, 3, true, 5, 10, null, '4c973896-5761-41fc-8217-07c5d13a004b', 2);
INSERT INTO public.review (id, created_date, created_by,  likeness, menu_diversity, price_level, recommended, service, taste, review, user_id, visit_id) VALUES (25, '2019-06-11 16:23:51.196000', 'google-oauth2|101266354649394690834', 2, 3, 2, true, 4, 9, null, '4c973896-5761-41fc-8217-07c5d13a004b', 10);
INSERT INTO public.review (id, created_date, created_by,  likeness, menu_diversity, price_level, recommended, service, taste, review, user_id, visit_id) VALUES (26, '2019-06-11 16:25:15.268000', 'google-oauth2|102431324785116064633', 3, 4, 2, true, 5, 9, null, '4c973896-5761-41fc-8217-07c5d13a004b', 10);
INSERT INTO public.review (id, created_date, created_by,  likeness, menu_diversity, price_level, recommended, service, taste, review, user_id, visit_id) VALUES (27, '2019-06-11 16:27:00.762000', 'google-oauth2|103163920703258866862', 4, 4, 3, true, 2, 5, null, '4c973896-5761-41fc-8217-07c5d13a004b', 9);
INSERT INTO public.review (id, created_date, created_by,  likeness, menu_diversity, price_level, recommended, service, taste, review, user_id, visit_id) VALUES (28, '2019-06-11 16:27:46.969000', 'google-oauth2|103163920703258866862',  4, 3, 2, true, 4, 7, null, '4c973896-5761-41fc-8217-07c5d13a004b', 4);
INSERT INTO public.review (id, created_date, created_by,  likeness, menu_diversity, price_level, recommended, service, taste, review, user_id, visit_id) VALUES (29, '2019-06-11 19:17:42.797000', 'google-oauth2|101266354649394690834', 4, 3, 3, true, 4, 9, null, '4c973896-5761-41fc-8217-07c5d13a004b', 11);
INSERT INTO public.review (id, created_date, created_by,  likeness, menu_diversity, price_level, recommended, service, taste, review, user_id, visit_id) VALUES (30, '2019-06-11 19:17:56.253000', 'google-oauth2|103163920703258866862', 4, 2, 3, true, 5, 9, null, '4c973896-5761-41fc-8217-07c5d13a004b', 11);
INSERT INTO public.review (id, created_date, created_by,  likeness, menu_diversity, price_level, recommended, service, taste, review, user_id, visit_id) VALUES (31, '2019-06-11 19:18:04.526000', 'google-oauth2|102431324785116064633', 4, 2, 3, true, 5, 8, null, '4c973896-5761-41fc-8217-07c5d13a004b', 11);
INSERT INTO public.review (id, created_date, created_by,  likeness, menu_diversity, price_level, recommended, service, taste, review, user_id, visit_id) VALUES (32, '2019-06-11 19:18:23.448000', 'google-oauth2|109107306435878853697', 4, 3, 3, true, 5, 9, null, '4c973896-5761-41fc-8217-07c5d13a004b', 11);
INSERT INTO public.review (id, created_date, created_by,  likeness, menu_diversity, price_level, recommended, service, taste, review, user_id, visit_id) VALUES (33, '2019-06-11 19:18:33.947000', 'google-oauth2|110898752673700142845', 4, 2, 3, true, 5, 10, null, '4c973896-5761-41fc-8217-07c5d13a004b', 11);
INSERT INTO public.review (id, created_date, created_by,  likeness, menu_diversity, price_level, recommended, service, taste, review, user_id, visit_id) VALUES (34, '2019-06-14 07:49:16.423000', 'google-oauth2|102544149948697665835', 4, 3, 3, true, 3, 7, '', '4c973896-5761-41fc-8217-07c5d13a004b', 11);
INSERT INTO public.review (id, created_date, created_by,  likeness, menu_diversity, price_level, recommended, service, taste, review, user_id, visit_id) VALUES (35, '2019-06-14 07:52:02.194000', 'google-oauth2|102544149948697665835',  4, 5, 3, true, 4, 9, '', '4c973896-5761-41fc-8217-07c5d13a004b', 8);
INSERT INTO public.review (id, created_date, created_by,  likeness, menu_diversity, price_level, recommended, service, taste, review, user_id, visit_id) VALUES (36, '2019-06-25 17:36:49.172000', 'google-oauth2|107561260516718837312', 3, 3, 1, true, 2, 9, '', '4c973896-5761-41fc-8217-07c5d13a004b', 12);
INSERT INTO public.review (id, created_date, created_by,  likeness, menu_diversity, price_level, recommended, service, taste, review, user_id, visit_id) VALUES (37, '2019-06-25 17:36:59.506000', 'google-oauth2|102431324785116064633', 3, 2, 1, true, 2, 7, null, '4c973896-5761-41fc-8217-07c5d13a004b', 12);
INSERT INTO public.review (id, created_date, created_by,  likeness, menu_diversity, price_level, recommended, service, taste, review, user_id, visit_id) VALUES (38, '2019-06-25 17:37:02.672000', 'google-oauth2|110898752673700142845', 3, 3, 2, true, 3, 8, ' ', '4c973896-5761-41fc-8217-07c5d13a004b', 12);
INSERT INTO public.review (id, created_date, created_by,  likeness, menu_diversity, price_level, recommended, service, taste, review, user_id, visit_id) VALUES (39, '2019-06-25 17:37:54.901000', 'google-oauth2|101266354649394690834', 4, 3, 1, true, 3, 8, null, '4c973896-5761-41fc-8217-07c5d13a004b', 12);
INSERT INTO public.review (id, created_date, created_by,  likeness, menu_diversity, price_level, recommended, service, taste, review, user_id, visit_id) VALUES (40, '2019-06-25 17:39:42.840000', 'google-oauth2|102544149948697665835', 4, 3, 1, true, 2, 8, 'got beer on my phone', '4c973896-5761-41fc-8217-07c5d13a004b', 12);
INSERT INTO public.review (id, created_date, created_by,  likeness, menu_diversity, price_level, recommended, service, taste, review, user_id, visit_id) VALUES (41, '2019-06-25 17:41:11.549000', 'google-oauth2|100537200667804131600',  3, 2, 1, true, 4, 6, null, '4c973896-5761-41fc-8217-07c5d13a004b', 12);
INSERT INTO public.review (id, created_date, created_by,  likeness, menu_diversity, price_level, recommended, service, taste, review, user_id, visit_id) VALUES (42, '2019-07-09 17:12:08.053000', 'google-oauth2|100537200667804131600', 4, 3, 2, true, 5, 6, 'Fleischlastig', '4c973896-5761-41fc-8217-07c5d13a004b', 13);
INSERT INTO public.review (id, created_date, created_by,  likeness, menu_diversity, price_level, recommended, service, taste, review, user_id, visit_id) VALUES (43, '2019-07-09 17:13:21.884000', 'google-oauth2|101266354649394690834', 3, 3, 2, true, 3, 7, 'Very fast serving', '4c973896-5761-41fc-8217-07c5d13a004b', 13);
INSERT INTO public.review (id, created_date, created_by,  likeness, menu_diversity, price_level, recommended, service, taste, review, user_id, visit_id) VALUES (44, '2019-07-09 17:13:55.691000', 'google-oauth2|100537200667804131600', 3, 5, 2, true, 4, 9, null, '4c973896-5761-41fc-8217-07c5d13a004b', 10);
INSERT INTO public.review (id, created_date, created_by,  likeness, menu_diversity, price_level, recommended, service, taste, review, user_id, visit_id) VALUES (45, '2019-07-09 17:14:38.316000', 'google-oauth2|100537200667804131600', 2, 3, 2, false, 2, 5, null, '4c973896-5761-41fc-8217-07c5d13a004b', 9);
INSERT INTO public.review (id, created_date, created_by,  likeness, menu_diversity, price_level, recommended, service, taste, review, user_id, visit_id) VALUES (46, '2019-07-09 17:15:39.471000', 'google-oauth2|100537200667804131600', 1, 3, 2, false, 3, 8, null, '4c973896-5761-41fc-8217-07c5d13a004b', 1);
INSERT INTO public.review (id, created_date, created_by,  likeness, menu_diversity, price_level, recommended, service, taste, review, user_id, visit_id) VALUES (47, '2019-07-09 17:16:31.592000', 'google-oauth2|109107306435878853697',  3, 3, 2, false, 3, 7, '', '4c973896-5761-41fc-8217-07c5d13a004b', 13);
INSERT INTO public.review (id, created_date, created_by,  likeness, menu_diversity, price_level, recommended, service, taste, review, user_id, visit_id) VALUES (48, '2019-07-09 17:17:44.761000', 'google-oauth2|102337442338050646165',  3, 3, 2, false, 2, 7, 'Attack at dawn?', '4c973896-5761-41fc-8217-07c5d13a004b', 13);
INSERT INTO public.review (id, created_date, created_by,  likeness, menu_diversity, price_level, recommended, service, taste, review, user_id, visit_id) VALUES (49, '2019-07-10 10:04:46.016000', 'google-oauth2|108465735990138044426',  4, 2, 2, true, 5, 7, null, '4c973896-5761-41fc-8217-07c5d13a004b', 13);
INSERT INTO public.review (id, created_date, created_by,  likeness, menu_diversity, price_level, recommended, service, taste, review, user_id, visit_id) VALUES (50, '2019-07-23 18:12:38.854000', 'google-oauth2|101266354649394690834',  3, 3, 2, true, 4, 7, null, '4c973896-5761-41fc-8217-07c5d13a004b', 14);
INSERT INTO public.review (id, created_date, created_by,  likeness, menu_diversity, price_level, recommended, service, taste, review, user_id, visit_id) VALUES (51, '2019-07-23 18:13:02.291000', 'google-oauth2|107561260516718837312',  3, 4, 2, true, 4, 7, null, '4c973896-5761-41fc-8217-07c5d13a004b', 14);
INSERT INTO public.review (id, created_date, created_by,  likeness, menu_diversity, price_level, recommended, service, taste, review, user_id, visit_id) VALUES (52, '2019-07-23 18:13:21.352000', 'google-oauth2|102431324785116064633',  4, 4, 2, true, 4, 8, 'Free cold water!!! Yeah!!!', '4c973896-5761-41fc-8217-07c5d13a004b', 14);
INSERT INTO public.review (id, created_date, created_by,  likeness, menu_diversity, price_level, recommended, service, taste, review, user_id, visit_id) VALUES (53, '2019-07-23 18:14:24.649000', 'google-oauth2|103163920703258866862',  2, 3, 1, true, 3, 6, null, '4c973896-5761-41fc-8217-07c5d13a004b', 14);
INSERT INTO public.review (id, created_date, created_by,  likeness, menu_diversity, price_level, recommended, service, taste, review, user_id, visit_id) VALUES (56, '2019-07-23 18:14:32.898000', 'google-oauth2|109107306435878853697',  3, 3, 2, true, 3, 6, '', '4c973896-5761-41fc-8217-07c5d13a004b', 14);
INSERT INTO public.review (id, created_date, created_by,  likeness, menu_diversity, price_level, recommended, service, taste, review, user_id, visit_id) VALUES (57, '2019-07-23 18:19:05.017000', 'google-oauth2|102544149948697665835',  4, 3, 3, true, 2, 7, 'side dish was a bit on the small side. also: hot af', '4c973896-5761-41fc-8217-07c5d13a004b', 14);
INSERT INTO public.review (id, created_date, created_by,  likeness, menu_diversity, price_level, recommended, service, taste, review, user_id, visit_id) VALUES (58, '2019-08-06 17:28:12.671000', 'google-oauth2|101266354649394690834', 4, 3, 2, true, 2, 7, null, '4c973896-5761-41fc-8217-07c5d13a004b', 15);
INSERT INTO public.review (id, created_date, created_by,  likeness, menu_diversity, price_level, recommended, service, taste, review, user_id, visit_id) VALUES (59, '2019-08-06 17:28:22.178000', 'google-oauth2|107561260516718837312',  3, 4, 3, true, 3, 8, null, '4c973896-5761-41fc-8217-07c5d13a004b', 15);
INSERT INTO public.review (id, created_date, created_by,  likeness, menu_diversity, price_level, recommended, service, taste, review, user_id, visit_id) VALUES (60, '2019-08-06 17:29:34.822000', 'google-oauth2|109107306435878853697',  2, 3, 3, true, 2, 6, null, '4c973896-5761-41fc-8217-07c5d13a004b', 15);
INSERT INTO public.review (id, created_date, created_by,  likeness, menu_diversity, price_level, recommended, service, taste, review, user_id, visit_id) VALUES (61, '2019-08-06 17:29:47.821000', 'google-oauth2|100537200667804131600',  3, 2, 2, true, 2, 7, 'Beer 5€ 👺', '4c973896-5761-41fc-8217-07c5d13a004b', 15);
INSERT INTO public.review (id, created_date, created_by,  likeness, menu_diversity, price_level, recommended, service, taste, review, user_id, visit_id) VALUES (62, '2019-08-06 17:53:42.692000', 'google-oauth2|110898752673700142845',  2, 4, 3, false, 1, 5, null, '4c973896-5761-41fc-8217-07c5d13a004b', 15);
INSERT INTO public.review (id, created_date, created_by,  likeness, menu_diversity, price_level, recommended, service, taste, review, user_id, visit_id) VALUES (63, '2019-08-06 17:56:18.099000', 'google-oauth2|102544149948697665835',  3, 4, 3, true, 4, 6, 'nice location. rest is meh', '4c973896-5761-41fc-8217-07c5d13a004b', 15);
INSERT INTO public.review (id, created_date, created_by,  likeness, menu_diversity, price_level, recommended, service, taste, review, user_id, visit_id) VALUES (64, '2019-08-06 22:07:17.982000', 'google-oauth2|102544149948697665835',  2, 2, 2, false, 2, 6, null, '4c973896-5761-41fc-8217-07c5d13a004b', 1);
INSERT INTO public.review (id, created_date, created_by,  likeness, menu_diversity, price_level, recommended, service, taste, review, user_id, visit_id) VALUES (65, '2019-08-20 21:09:49.159000', 'google-oauth2|101266354649394690834',  4, 4, 2, true, 4, 9, null, '4c973896-5761-41fc-8217-07c5d13a004b', 16);
INSERT INTO public.review (id, created_date, created_by,  likeness, menu_diversity, price_level, recommended, service, taste, review, user_id, visit_id) VALUES (66, '2019-08-21 08:42:57.670000', 'google-oauth2|102431324785116064633',  3, 4, 2, true, 3, 9, null, '4c973896-5761-41fc-8217-07c5d13a004b', 16);
INSERT INTO public.review (id, created_date, created_by,  likeness, menu_diversity, price_level, recommended, service, taste, review, user_id, visit_id) VALUES (67, '2019-08-21 08:44:04.435000', 'google-oauth2|110898752673700142845', 3, 4, 2, true, 4, 7, 'Toilets --
Peshmerga Princess Burger not as good as Wilder Kerl (too much dill)', '4c973896-5761-41fc-8217-07c5d13a004b', 16);
INSERT INTO public.review (id, created_date, created_by, likeness, menu_diversity, price_level, recommended, service, taste, review, user_id, visit_id) VALUES (68, '2019-08-24 16:53:31.961000', 'google-oauth2|102544149948697665835',  3, 4, 3, true, 2, 9, null, '4c973896-5761-41fc-8217-07c5d13a004b', 16);
INSERT INTO public.review (id, created_date, created_by, likeness, menu_diversity, price_level, recommended, service, taste, review, user_id, visit_id) VALUES (69, '2019-09-03 20:32:48.888000', 'google-oauth2|103163920703258866862',  5, 1, 3, true, 5, 10, null, '4c973896-5761-41fc-8217-07c5d13a004b', 17);
INSERT INTO public.review (id, created_date, created_by, likeness, menu_diversity, price_level, recommended, service, taste, review, user_id, visit_id) VALUES (70, '2019-09-04 12:58:47.152000', 'google-oauth2|100537200667804131600', 4, 4, 3, true, 3, 9, '', '4c973896-5761-41fc-8217-07c5d13a004b', 17);
INSERT INTO public.review (id, created_date, created_by, likeness, menu_diversity, price_level, recommended, service, taste, review, user_id, visit_id) VALUES (71, '2019-09-13 09:36:43.843000', 'google-oauth2|102431324785116064633', 4, 3, 3, true, 5, 9, null, '4c973896-5761-41fc-8217-07c5d13a004b', 17);
INSERT INTO public.review (id, created_date, created_by, likeness, menu_diversity, price_level, recommended, service, taste, review, user_id, visit_id) VALUES (73, '2019-09-16 07:49:47.791000', 'google-oauth2|109107306435878853697',  3, 4, 2, true, 3, 8, 'Mohn Milkshake nicht zu empfehlen, Kokos sehr.', '4c973896-5761-41fc-8217-07c5d13a004b', 16);
INSERT INTO public.review (id, created_date, created_by, likeness, menu_diversity, price_level, recommended, service, taste, review, user_id, visit_id) VALUES (72, '2019-09-16 07:48:45.352000', 'google-oauth2|109107306435878853697',  4, 2, 3, true, 4, 9, 'Bei 14 Leuten haben die Burger etwas laenger gedauert + Bun mismatches', '4c973896-5761-41fc-8217-07c5d13a004b', 17);
INSERT INTO public.review (id, created_date, created_by, likeness, menu_diversity, price_level, recommended, service, taste, review, user_id, visit_id) VALUES (74, '2019-09-17 19:18:17.908000', 'google-oauth2|107561260516718837312',  4, 4, 3, true, 3, 7, null, '4c973896-5761-41fc-8217-07c5d13a004b', 18);
INSERT INTO public.review (id, created_date, created_by, likeness, menu_diversity, price_level, recommended, service, taste, review, user_id, visit_id) VALUES (75, '2019-09-17 19:19:41.925000', 'google-oauth2|109107306435878853697', 3, 3, 2, true, 3, 6, null, '4c973896-5761-41fc-8217-07c5d13a004b', 18);
INSERT INTO public.review (id, created_date, created_by, likeness, menu_diversity, price_level, recommended, service, taste, review, user_id, visit_id) VALUES (76, '2019-09-17 19:20:53.160000', 'google-oauth2|101095179039135188284',  4, 2, 1, true, 3, 5, 'Nope', '4c973896-5761-41fc-8217-07c5d13a004b', 18);
INSERT INTO public.review (id, created_date, created_by, likeness, menu_diversity, price_level, recommended, service, taste, review, user_id, visit_id) VALUES (77, '2019-10-01 20:28:30.616000', 'google-oauth2|100833270989780835186', 4, 2, 2, true, 5, 8, null, '4c973896-5761-41fc-8217-07c5d13a004b', 19);
INSERT INTO public.review (id, created_date, created_by, likeness, menu_diversity, price_level, recommended, service, taste, review, user_id, visit_id) VALUES (78, '2019-10-01 20:29:55.714000', 'google-oauth2|100833270989780835186',  4, 4, 2, true, 2, 8, null, '4c973896-5761-41fc-8217-07c5d13a004b', 18);
INSERT INTO public.review (id, created_date, created_by, likeness, menu_diversity, price_level, recommended, service, taste, review, user_id, visit_id) VALUES (79, '2019-10-02 08:24:21.371000', 'google-oauth2|102431324785116064633', 4, 4, 2, true, 4, 9, 'Chicken Fries!!!!!!!!','4c973896-5761-41fc-8217-07c5d13a004b', 19);
INSERT INTO public.review (id, created_date, created_by, likeness, menu_diversity, price_level, recommended, service, taste, review, user_id, visit_id) VALUES (80, '2019-10-15 19:15:21.606000', 'google-oauth2|100833270989780835186',  4, 5, 2, true, 2, 8, 'Rooftop!', '4c973896-5761-41fc-8217-07c5d13a004b', 21);
INSERT INTO public.review (id, created_date, created_by, likeness, menu_diversity, price_level, recommended, service, taste, review, user_id, visit_id) VALUES (81, '2019-10-28 07:28:15.607000', 'google-oauth2|101095179039135188284', 4, 4, 2, true, 2, 8, null, '4c973896-5761-41fc-8217-07c5d13a004b', 21);
INSERT INTO public.review (id, created_date, created_by, likeness, menu_diversity, price_level, recommended, service, taste, review, user_id, visit_id) VALUES (82, '2019-10-29 18:08:13.623000', 'google-oauth2|109107306435878853697', 3, 5, 2, true, 4, 9, 'Good low carb option', '4c973896-5761-41fc-8217-07c5d13a004b', 22);
INSERT INTO public.review (id, created_date, created_by, likeness, menu_diversity, price_level, recommended, service, taste, review, user_id, visit_id) VALUES (83, '2019-10-29 18:09:06.856000', 'google-oauth2|102431324785116064633', 4, 5, 2, true, 4, 9, null, '4c973896-5761-41fc-8217-07c5d13a004b', 22);
INSERT INTO public.review (id, created_date, created_by, likeness, menu_diversity, price_level, recommended, service, taste, review, user_id, visit_id) VALUES (84, '2019-10-29 18:50:11.444000', 'google-oauth2|101266354649394690834', 3, 5, 2, true, 3, 9, 'Gibt mushroom fleisch', '4c973896-5761-41fc-8217-07c5d13a004b', 22);
INSERT INTO public.review (id, created_date, created_by, likeness, menu_diversity, price_level, recommended, service, taste, review, user_id, visit_id) VALUES (85, '2019-11-12 20:07:16.036000', 'google-oauth2|109107306435878853697',  3, 4, 2, true, 4, 8, null, '4c973896-5761-41fc-8217-07c5d13a004b', 23);
INSERT INTO public.review (id, created_date, created_by, likeness, menu_diversity, price_level, recommended, service, taste, review, user_id, visit_id) VALUES (86, '2019-11-12 20:07:32.956000', 'google-oauth2|102337442338050646165',  4, 4, 3, true, 5, 9, null, '4c973896-5761-41fc-8217-07c5d13a004b', 23);
INSERT INTO public.review (id, created_date, created_by, likeness, menu_diversity, price_level, recommended, service, taste, review, user_id, visit_id) VALUES (87, '2019-11-12 20:12:14.703000', 'google-oauth2|107561260516718837312', 2, 3, 2, true, 4, 9, null, '4c973896-5761-41fc-8217-07c5d13a004b', 23);
INSERT INTO public.review (id, created_date, created_by, likeness, menu_diversity, price_level, recommended, service, taste, review, user_id, visit_id) VALUES (88, '2019-11-12 20:12:47.250000', 'google-oauth2|102431324785116064633',  2, 4, 2, true, 4, 9, null, '4c973896-5761-41fc-8217-07c5d13a004b', 23);
INSERT INTO public.review (id, created_date, created_by, likeness, menu_diversity, price_level, recommended, service, taste, review, user_id, visit_id) VALUES (89, '2019-11-12 20:13:02.679000', 'google-oauth2|101266354649394690834',  3, 4, 2, true, 3, 9, null, '4c973896-5761-41fc-8217-07c5d13a004b', 23);
INSERT INTO public.review (id, created_date, created_by, likeness, menu_diversity, price_level, recommended, service, taste, review, user_id, visit_id) VALUES (90, '2019-11-12 20:13:08.692000', 'google-oauth2|102544149948697665835', 4, 4, 3, true, 4, 9, 'heater hot af', '4c973896-5761-41fc-8217-07c5d13a004b', 23);
INSERT INTO public.review (id, created_date, created_by, likeness, menu_diversity, price_level, recommended, service, taste, review, user_id, visit_id) VALUES (91, '2019-11-12 20:13:23.201000', 'google-oauth2|100833270989780835186',  3, 3, 2, true, 4, 9, 'Toilets on Floor ', '4c973896-5761-41fc-8217-07c5d13a004b', 23);
INSERT INTO public.review (id, created_date, created_by, likeness, menu_diversity, price_level, recommended, service, taste, review, user_id, visit_id) VALUES (92, '2019-11-12 20:14:29.410000', 'google-oauth2|101095179039135188284',  3, 3, 2, true, 4, 7, null, '4c973896-5761-41fc-8217-07c5d13a004b', 23);
INSERT INTO public.review (id, created_date, created_by, likeness, menu_diversity, price_level, recommended, service, taste, review, user_id, visit_id) VALUES (93, '2019-11-12 20:16:04.414000', 'google-oauth2|106793553069698062948', 4, 3, 2, true, 4, 6, null, '4c973896-5761-41fc-8217-07c5d13a004b', 23);
INSERT INTO public.review (id, created_date, created_by, likeness, menu_diversity, price_level, recommended, service, taste, review, user_id, visit_id) VALUES (94, '2019-11-24 17:41:43.522000', 'google-oauth2|100833270989780835186',  3, 2, 2, true, 3, 7, null, '4c973896-5761-41fc-8217-07c5d13a004b', 22);
INSERT INTO public.review (id, created_date, created_by, likeness, menu_diversity, price_level, recommended, service, taste, review, user_id, visit_id) VALUES (95, '2019-12-04 09:30:09.495000', 'google-oauth2|100833270989780835186',  4, 3, 2, true, 3, 7, 'Kärntner Kellnerin! :D', '4c973896-5761-41fc-8217-07c5d13a004b', 24);
INSERT INTO public.review (id, created_date, created_by, likeness, menu_diversity, price_level, recommended, service, taste, review, user_id, visit_id) VALUES (96, '2019-12-10 18:40:51.277000', 'google-oauth2|101095179039135188284',  3, 4, 3, false, 1, 9, null, '4c973896-5761-41fc-8217-07c5d13a004b', 25);
INSERT INTO public.review (id, created_date, created_by, likeness, menu_diversity, price_level, recommended, service, taste, review, user_id, visit_id) VALUES (97, '2019-12-10 21:28:41.004000', 'google-oauth2|109107306435878853697', 4, 2, 3, true, 5, 9, 'Runde aufs Haus nach “Stornomissverständnis”', '4c973896-5761-41fc-8217-07c5d13a004b', 25);
INSERT INTO public.review (id, created_date, created_by, likeness, menu_diversity, price_level, recommended, service, taste, review, user_id, visit_id) VALUES (98, '2019-12-11 18:38:36.315000', 'google-oauth2|100833270989780835186', 3, 1, 3, true, 1, 8, null, '4c973896-5761-41fc-8217-07c5d13a004b', 25);
